{
  "features": [
    "src_ip_bytes",
    "dst_port",
    "dst_ip_bytes",
    "src_pkts",
    "src_port",
    "dst_bytes",
    "duration",
    "dst_pkts",
    "dns_qclass",
    "dns_qtype"
  ],
  "importance": [
    2.274820327758789,
    1.3291000127792358,
    3.4396603107452393,
    1.401475429534912,
    0.7567157745361328,
    967683.375,
    48.777320861816406,
    0.6998577117919922,
    2.5215697288513184,
    0.42480528354644775
  ],
  "std": [
    9.647072792053223,
    2.93027400970459,
    11.468733787536621,
    12.39127254486084,
    0.6887436509132385,
    44907928.0,
    162.9724578857422,
    1.3051618337631226,
    283.57830810546875,
    7.035775661468506
  ]
}