{
  "loss": [
    0.4988534152507782,
    0.18811821937561035,
    0.14784744381904602,
    0.12197518348693848,
    0.11799298226833344,
    0.10607058554887772,
    0.1068313792347908,
    0.10659092664718628,
    0.09452991187572479,
    0.08883241564035416,
    0.09755492955446243,
    0.10969474166631699,
    0.0920216292142868,
    0.06521450728178024,
    0.06003852188587189,
    0.06027786806225777,
    0.05865223705768585,
    0.06213400140404701,
    0.06322720646858215,
    0.04868704453110695,
    0.045242149382829666,
    0.04496285691857338,
    0.043267104774713516,
    0.050623852759599686,
    0.04402511194348335,
    0.04902002215385437,
    0.041085753589868546,
    0.03681520000100136,
    0.03543272987008095,
    0.035435523837804794,
    0.03567395731806755,
    0.03669389337301254,
    0.0330180823802948,
    0.03449735417962074,
    0.03396300598978996,
    0.031107833608984947,
    0.03555918484926224,
    0.033722419291734695,
    0.03350324556231499,
    0.0301404669880867,
    0.028607623651623726,
    0.02784121036529541,
    0.026756158098578453,
    0.026438355445861816,
    0.025243129581212997,
    0.025324376299977303,
    0.025403819978237152,
    0.02543151192367077,
    0.023748276755213737,
    0.024416420608758926,
    0.023828405886888504,
    0.02331782877445221,
    0.022818630561232567,
    0.022703485563397408,
    0.02264428324997425,
    0.021975181996822357,
    0.02246386557817459,
    0.02487550862133503,
    0.021488957107067108,
    0.022088132798671722,
    0.02180253155529499,
    0.020290637388825417,
    0.021115118637681007,
    0.02164124883711338,
    0.02182726375758648,
    0.020525578409433365,
    0.01846722513437271,
    0.01810426451265812,
    0.018232939764857292,
    0.017528271302580833,
    0.018332727253437042,
    0.016436563804745674,
    0.01729309931397438,
    0.016496477648615837,
    0.0168621726334095,
    0.016418730840086937,
    0.016625598073005676
  ],
  "val_loss": [
    0.22323207557201385,
    0.1374002993106842,
    0.13592658936977386,
    0.09608025848865509,
    0.10633498430252075,
    0.0852803885936737,
    0.10349997878074646,
    0.08502906560897827,
    0.0755055844783783,
    0.09094124287366867,
    0.08073125034570694,
    0.09286468476057053,
    0.08486732840538025,
    0.05690077692270279,
    0.054602090269327164,
    0.0599081926047802,
    0.06232607737183571,
    0.05567726865410805,
    0.05601520463824272,
    0.04466461017727852,
    0.04283277317881584,
    0.03780847787857056,
    0.039893947541713715,
    0.04502395540475845,
    0.0401739738881588,
    0.045503415167331696,
    0.039309509098529816,
    0.039008308202028275,
    0.034979261457920074,
    0.03928619250655174,
    0.03467945009469986,
    0.0379786379635334,
    0.03259943798184395,
    0.037036795169115067,
    0.03227651119232178,
    0.0325203575193882,
    0.03497529774904251,
    0.03484083712100983,
    0.03282291814684868,
    0.03133314475417137,
    0.03062220849096775,
    0.029631121084094048,
    0.02787218987941742,
    0.027572026476264,
    0.026515338569879532,
    0.026713620871305466,
    0.026157166808843613,
    0.0254946518689394,
    0.026011517271399498,
    0.025929512456059456,
    0.024862462654709816,
    0.026524389162659645,
    0.023900069296360016,
    0.02385217882692814,
    0.02518891543149948,
    0.02661975845694542,
    0.023576248437166214,
    0.02429758757352829,
    0.02494461089372635,
    0.024525051936507225,
    0.023337380960583687,
    0.022454585880041122,
    0.024086516350507736,
    0.03335407376289368,
    0.022586679086089134,
    0.023730507120490074,
    0.020454559475183487,
    0.020478710532188416,
    0.020491480827331543,
    0.020456798374652863,
    0.021055210381746292,
    0.02064189687371254,
    0.020596792921423912,
    0.020463379099965096,
    0.019924337044358253,
    0.0205681212246418,
    0.02037637308239937
  ],
  "accuracy": [
    0.8270444273948669,
    0.9405699968338013,
    0.9551708102226257,
    0.9624753594398499,
    0.9629011154174805,
    0.9671335816383362,
    0.9664323925971985,
    0.9663906097412109,
    0.9694460034370422,
    0.9719671607017517,
    0.9690703749656677,
    0.9652552604675293,
    0.9703392386436462,
    0.9790546894073486,
    0.980782687664032,
    0.9807159304618835,
    0.9809663891792297,
    0.9802150726318359,
    0.9802150726318359,
    0.9849483966827393,
    0.9857915639877319,
    0.9860169887542725,
    0.9862590432167053,
    0.9841470122337341,
    0.9861254692077637,
    0.9845727682113647,
    0.9867766499519348,
    0.9885380864143372,
    0.988997220993042,
    0.9891725182533264,
    0.9888219237327576,
    0.9887968897819519,
    0.9898320436477661,
    0.9891976118087769,
    0.9891224503517151,
    0.9903746843338013,
    0.988922119140625,
    0.9893060922622681,
    0.9892727136611938,
    0.9903913736343384,
    0.9911176562309265,
    0.9912929534912109,
    0.99178546667099,
    0.9916101694107056,
    0.9922696948051453,
    0.9921528100967407,
    0.9920943379402161,
    0.9921361207962036,
    0.9926369786262512,
    0.9923531413078308,
    0.9924783706665039,
    0.9929208159446716,
    0.9930543899536133,
    0.9929625391960144,
    0.993004322052002,
    0.9931629300117493,
    0.9928540587425232,
    0.9923614859580994,
    0.9934050440788269,
    0.9931462407112122,
    0.9932296872138977,
    0.9937389492988586,
    0.9935469031333923,
    0.9930126667022705,
    0.9932881593704224,
    0.9933966398239136,
    0.9942147731781006,
    0.9943400025367737,
    0.9942815899848938,
    0.9942732453346252,
    0.9942815899848938,
    0.9947407245635986,
    0.9944652318954468,
    0.9946154952049255,
    0.9947073459625244,
    0.994715690612793,
    0.9949744343757629
  ],
  "val_accuracy": [
    0.9207265973091125,
    0.9544194936752319,
    0.9588606357574463,
    0.9701806306838989,
    0.965205192565918,
    0.9723177552223206,
    0.9677764177322388,
    0.973386287689209,
    0.9747887849807739,
    0.9723177552223206,
    0.9745884537696838,
    0.9699135422706604,
    0.9735866785049438,
    0.9837045669555664,
    0.983604371547699,
    0.9825358390808105,
    0.9824690222740173,
    0.9835709929466248,
    0.9825024008750916,
    0.9870103597640991,
    0.9873443245887756,
    0.9896149635314941,
    0.9893144369125366,
    0.9873443245887756,
    0.9885798096656799,
    0.9866764545440674,
    0.9885798096656799,
    0.9890472888946533,
    0.9902494549751282,
    0.9882792830467224,
    0.9904497861862183,
    0.9895148277282715,
    0.991184413433075,
    0.9891141057014465,
    0.991184413433075,
    0.9912846088409424,
    0.9900156855583191,
    0.9901492595672607,
    0.9909840822219849,
    0.9913513660430908,
    0.9913513660430908,
    0.9923531413078308,
    0.99278724193573,
    0.9926871061325073,
    0.9930543899536133,
    0.9926536679267883,
    0.9929208159446716,
    0.9929876327514648,
    0.9930210113525391,
    0.9929876327514648,
    0.9930877685546875,
    0.9931212067604065,
    0.9932547211647034,
    0.9933215379714966,
    0.9933549165725708,
    0.9930210113525391,
    0.9934884905815125,
    0.993421733379364,
    0.9931545853614807,
    0.9931545853614807,
    0.993421733379364,
    0.9936554431915283,
    0.993388295173645,
    0.9915851354598999,
    0.9939559698104858,
    0.9935886859893799,
    0.9943233132362366,
    0.9941897392272949,
    0.9948241710662842,
    0.9942564964294434,
    0.9941563606262207,
    0.9942899346351624,
    0.9944902658462524,
    0.9942564964294434,
    0.9944902658462524,
    0.9944902658462524,
    0.9943233132362366
  ]
}